[
    {
        "Hospital Name": "Aakash Eye And General Hospital",
        "Address": "A-116 Arjun Park, Najafgarh Rd, near Nagli metro station, New",
        "City": "Delhi",
        "State": "Delhi",
        "Pin Code": "110043"
    },
    {
        "Hospital Name": "Aastha Super Speciality Eye Hospital",
        "Address": "Bengaluru",
        "City": "Bengaluru",
        "State": "Karnataka",
        "Pin Code": ""
    },
    {
        "Hospital Name": "Aarogyam Hospital,",
        "Address": "Near Sohna Road, Opp. Besteck Society, Vill. Badshahpur, Sector -67, Gurugram, Haryana.",
        "City": "Gurugram",
        "State": "Haryana",
        "Pin Code": ""
    },
    {
        "Hospital Name": "Aashapuri Hospital",
        "Address": "A-101 To 104, Chamunda Apartment, Sangodkar Nagar, Ravalpada, Off Western Express Highway, Dahisar (E)",
        "City": "Mumbai",
        "State": "Maharashtra",
        "Pin Code": "400068"
    },
    {
        "Hospital Name": "Abhishek Ortho Hospital",
        "Address": "Punit Chambers, Udhna Darwaja,Surat , Gujrat.",
        "City": "Surat",
        "State": "Gujarat",
        "Pin Code": ""
    },
    {
        "Hospital Name": "Agarwal Medical Centre",
        "Address": "E-234 (Gate No. 2), Greater Kailash - Part 1 Near Kailash Coloney Metro Station Near GK-1 M Block Market Near Mata Gujri Public School, New",
        "City": "Delhi",
        "State": "Delhi",
        "Pin Code": "110048"
    },
    {
        "Hospital Name": "Agarwal Medical Centre",
        "Address": "E-234, Greater Kailash I, New",
        "City": "DElhi",
        "State": "Delhi",
        "Pin Code": "110042"
    },
    {
        "Hospital Name": "Aggarwal Medical Center",
        "Address": "Haridwar Road, Laksar, Haridwar",
        "City": "HARIDWAR - 2",
        "State": "",
        "Pin Code": "247663"
    },
    {
        "Hospital Name": "Akshar Hospital",
        "Address": "Shahibaug,Nr rajastjan Hospital, Ahmedabad, Gujrat",
        "City": "Ahmedabad",
        "State": "Gujarat",
        "Pin Code": ""
    },
    {
        "Hospital Name": "Ami Surgical Hospital",
        "Address": "Subhadra Nagar ,Patan , Vadodara, Gujrat",
        "City": "Vadodara",
        "State": "Gujarat",
        "Pin Code": ""
    },
    {
        "Hospital Name": "Apollo Hospitals",
        "Address": "Bengaluru",
        "City": "Sheshadripuram",
        "State": "",
        "Pin Code": ""
    },
    {
        "Hospital Name": "Anshu Hospital",
        "Address": "Sehatpur Rd, Shiv Colony, Palla Number 1, Shiva Colony, Sehatpur",
        "City": "Faridabad",
        "State": "Haryana",
        "Pin Code": "121003"
    },
    {
        "Hospital Name": "ANAYA HOSPITAL",
        "Address": "PLOT NO 1382 , KADARPUR ROAD , NEAR HANUMAN MANDIR , VPO BADSHAPUR",
        "City": "Gurugram",
        "State": "Haryana",
        "Pin Code": ""
    },
    {
        "Hospital Name": "Aradhna Hospital",
        "Address": "Near Thakor Wadi Station , Road navasari",
        "City": "Surat",
        "State": "Gujarat",
        "Pin Code": ""
    },
    {
        "Hospital Name": "Arogya Nursing Home",
        "Address": "Shop NO-10, Suraj Residency, Plot No-21, Sector-19, Kamothe",
        "City": "Navi Mumbai",
        "State": "Maharashtra",
        "Pin Code": "410209"
    },
    {
        "Hospital Name": "Arzoo Hospital",
        "Address": "Bhatar Road, Surat , Gujrat",
        "City": "Surat",
        "State": "Gujarat",
        "Pin Code": "395001"
    },
    {
        "Hospital Name": "Ashtamgam Ayurveda Chikitsalayam",
        "Address": "4/495A, Vavanoor, Koottanad",
        "City": "Nagalassery",
        "State": "Kerala",
        "Pin Code": "679533"
    },
    {
        "Hospital Name": "Asha Multispecialty Hospital",
        "Address": "Near Bus Stand Kangthali",
        "City": "Kaithal",
        "State": "Haryana",
        "Pin Code": "136033"
    },
    {
        "Hospital Name": "Ashwini Hospital",
        "Address": "Lane No-1 , Rajesh Complex , Tin Batti , Nani",
        "City": "Daman",
        "State": "DADRA AND NAGAR HAVELI/DAMAN AND DIU",
        "Pin Code": ""
    },
    {
        "Hospital Name": "AVS Multispecialty Hospital",
        "Address": "40, Futa road, Green Hotel, Budh Vihar, Behrampur, Ghaziabad201014",
        "City": "Behrampur",
        "State": "",
        "Pin Code": ""
    },
    {
        "Hospital Name": "B.K Surgical Hospital",
        "Address": "Prahland Nagar",
        "City": "Ahmedabad",
        "State": "Gujarat",
        "Pin Code": ""
    },
    {
        "Hospital Name": "Bharti-Vallabh Hospital",
        "Address": "Shahibaug,Railway Crossing",
        "City": "Ahmedabad",
        "State": "Gujarat",
        "Pin Code": ""
    },
    {
        "Hospital Name": "Dev Putra hospital",
        "Address": "D-88'Gali No. 11, corner, Shani Bazaar Rd, Sihvram Park, Nangloi, New",
        "City": "Delhi",
        "State": "Delhi",
        "Pin Code": "110041"
    },
    {
        "Hospital Name": "D.H.R.C. Hospital",
        "Address": "Near Over Bridge, 80 Feet Road Gallamanoiu",
        "City": "Bhopal",
        "State": "Madhya Pradesh",
        "Pin Code": "462008"
    },
    {
        "Hospital Name": "DivyaDrishti Eye Hospital",
        "Address": "Bengaluru",
        "City": "Bengaluru",
        "State": "Karnataka",
        "Pin Code": ""
    },
    {
        "Hospital Name": "Dr.Bhute Nursing Home",
        "Address": "Mahataney Park , Aziz Baug Opp Sita Estate Mahul , Road Chembur",
        "City": "Mumbai",
        "State": "Maharashtra",
        "Pin Code": ""
    },
    {
        "Hospital Name": "Dr Harikishan Eye Hospital",
        "Address": "Baghlingampally Cross Roads, beside Aruna Photostudio, Barkatpura",
        "City": "Hyderabad",
        "State": "Telangana",
        "Pin Code": "500027"
    },
    {
        "Hospital Name": "Dr.Noshina's Noble Hospital",
        "Address": "Asif Nagar Rd, Feroz Gandhi Nagar, Indira Nagar, Asif Nagar North",
        "City": "Hyderabad",
        "State": "Telangana",
        "Pin Code": "500028"
    },
    {
        "Hospital Name": "Galaxy hospital And Trauma Centre",
        "Address": "Bawal-Rewari Rd, Industrial Model Twp, Jaliawas",
        "City": "Bawal",
        "State": "Haryana",
        "Pin Code": "123501"
    },
    {
        "Hospital Name": "Gleneagles Global Hospitals",
        "Address": "Bengaluru",
        "City": "Richmond Road",
        "State": "",
        "Pin Code": ""
    },
    {
        "Hospital Name": "Geetanjali Multispeciality Hospital",
        "Address": "D-635, 60 Feet Road, Chawla Colony Ballabgarh, City:",
        "City": "Ballabgarh",
        "State": "Haryana",
        "Pin Code": "121004"
    },
    {
        "Hospital Name": "God Father Hospital",
        "Address": "Nandanvan Society , Varachha Road ,Surat ,Gujrat",
        "City": "Surat",
        "State": "Gujarat",
        "Pin Code": ""
    },
    {
        "Hospital Name": "Gold Cure Hospital",
        "Address": "Main Galli, Om Vihar, Phase 2",
        "City": "Gurugram",
        "State": "Haryana",
        "Pin Code": "122017"
    },
    {
        "Hospital Name": "Golden Multispeciality Hospital",
        "Address": "B-Wing , Sai Geeta Darshan Building , Opp Canara Bank , New Golden Nest , Bhayander , East Thane",
        "City": "Mumbai",
        "State": "Maharashtra",
        "Pin Code": "401107"
    },
    {
        "Hospital Name": "Govind Medical Centre",
        "Address": "Khasra no 23, Monday Market, 17, Som Bazar Rd, Block K, West Karawal Nagar, Karawal Nagar",
        "City": "Delhi",
        "State": "Delhi",
        "Pin Code": "110094"
    },
    {
        "Hospital Name": "Govind Praabha Arogya School",
        "Address": "Gopipura",
        "City": "Surat",
        "State": "Gujarat",
        "Pin Code": ""
    },
    {
        "Hospital Name": "Gupta Hospital",
        "Address": "Pramukh , Puna Kumbharia Road , Surat ,Gujrat",
        "City": "Surat",
        "State": "Gujarat",
        "Pin Code": ""
    },
    {
        "Hospital Name": "HARISH HOSPITAL",
        "Address": "House Number - 701,Sector 8,Ymca Road",
        "City": "FARIDABAD",
        "State": "Haryana",
        "Pin Code": ""
    },
    {
        "Hospital Name": "Harsh Hospital",
        "Address": "Isana Complex, 312-315, 3rd Floor, Althan BRTS Road, Beside D-Mart, Althan, Pandesara",
        "City": "Surat",
        "State": "Gujarat",
        "Pin Code": "395004"
    },
    {
        "Hospital Name": "Helpline Multispeciality Hospital",
        "Address": "Village-Pochanpur, Holly Chowk, behind Shani Mandir, Sector 23, Dwarka, New",
        "City": "Delhi",
        "State": "Delhi",
        "Pin Code": "110077"
    },
    {
        "Hospital Name": "Holy Angel Hospital & Eye Care Center",
        "Address": "Cheeka Road, Siwan , Distt",
        "City": "Kaithal",
        "State": "Haryana",
        "Pin Code": ""
    },
    {
        "Hospital Name": "Indra Nursing Home maternity centre",
        "Address": "Shanti Nagar, Indrapuri Rd, Loni",
        "City": "Ghaziabad",
        "State": "Uttar Pradesh",
        "Pin Code": "201102"
    },
    {
        "Hospital Name": "Jash Orthopaedic Hospital",
        "Address": "Shakti Vijay Complex , Varachha Road",
        "City": "Surat",
        "State": "Gujarat",
        "Pin Code": ""
    },
    {
        "Hospital Name": "J.J Hospital",
        "Address": "Chankyapuri , Ahmedabad.",
        "City": "Ahmedabad",
        "State": "Gujarat",
        "Pin Code": ""
    },
    {
        "Hospital Name": "J K Hospital & Maternity Home",
        "Address": "292, Gali No. 5, Bhim Nagar, Ghukna",
        "City": "Ghaziabad",
        "State": "Uttar Pradesh",
        "Pin Code": "201001"
    },
    {
        "Hospital Name": "Krisha Hospital",
        "Address": "Saidpur Auchndi Delhi Border Road Near Sahid Dalveer Singh Mahavidhyalaya City: Kharkhoda",
        "City": "Sonipat",
        "State": "Haryana",
        "Pin Code": "131402"
    },
    {
        "Hospital Name": "Krishna Hospital",
        "Address": "Saidpur Auchndi Delhi Border Road Near Sahid Dalveer Singh, Mahavidhyalaya Sonipat, Haryana.",
        "City": "Sonipat",
        "State": "Haryana",
        "Pin Code": "131402"
    },
    {
        "Hospital Name": "KRISHNA NURSING HOME",
        "Address": "H.No. 71, Sector -10",
        "City": "FARIDABAD",
        "State": "Haryana",
        "Pin Code": "121007"
    },
    {
        "Hospital Name": "Krishna Orthopaedic Hospital & Laproscopic Centre",
        "Address": "Hirabaug , Varachha Road Surat , Gujrat",
        "City": "Surat",
        "State": "Gujarat",
        "Pin Code": ""
    },
    {
        "Hospital Name": "Lathiya Surgical Hospital & Laproscopic Centre",
        "Address": "Silver Point , Varachha Road , Surat , Gujrat",
        "City": "Surat",
        "State": "Gujarat",
        "Pin Code": ""
    },
    {
        "Hospital Name": "Lakshmi Nursing Home",
        "Address": "T-19, Budh Vihar Phase II, Sharma Colony, Budh Vihar",
        "City": "DElhi",
        "State": "Delhi",
        "Pin Code": "110086"
    },
    {
        "Hospital Name": "Life Care Multispeciality Hospital",
        "Address": "Opp. Pwd Rest House, Rohtak Road, Charkhi Dadri",
        "City": "Bhiwani",
        "State": "Haryana",
        "Pin Code": "127306"
    },
    {
        "Hospital Name": "Lilavati General Hospital",
        "Address": "Nawabganj, Pilibhit Rd",
        "City": "BAREILLY",
        "State": "Uttar Pradesh",
        "Pin Code": "262406"
    },
    {
        "Hospital Name": "Lotus Hospital",
        "Address": "Plot No-11, Nh-9 , Mehrauli",
        "City": "Ghaziabad",
        "State": "Uttar Pradesh",
        "Pin Code": "201012"
    },
    {
        "Hospital Name": "Maa Kamakhya Hospital",
        "Address": "Devi Rd, Balasaur, Kotdwar, Padampur Sukhro",
        "City": "Uttarakhand",
        "State": "Uttarakhand",
        "Pin Code": "246149"
    },
    {
        "Hospital Name": "Mahadev Nursing Home",
        "Address": "5CM9+HJ2 , Sundaram Nagar ,Kannamangalapatti",
        "City": "Tamil Nadu",
        "State": "Tamil Nadu",
        "Pin Code": "630502"
    },
    {
        "Hospital Name": "Meet Children Hospital",
        "Address": "Swandeep , Apartment , Bhatar Char Rasta , Surat , Gujrat",
        "City": "Surat",
        "State": "Gujarat",
        "Pin Code": "395017"
    },
    {
        "Hospital Name": "MEHTA HOSPITAL & FERTILITY CENTRE",
        "Address": "RUSHABH PLAZA,PLEASANT PARK, NEAR BRAND FACTORY, MIRA BHAYANDAR ROAD,MIRA ROAD EAST",
        "City": "MUMBAI",
        "State": "Maharashtra",
        "Pin Code": ""
    },
    {
        "Hospital Name": "Manjushree Nursing Home Pvt Ltd",
        "Address": "Bengaluru",
        "City": "Bengaluru",
        "State": "Karnataka",
        "Pin Code": ""
    },
    {
        "Hospital Name": "Marigold Hospital (Raj Disle Pvt. Ltd)",
        "Address": "Bengaluru",
        "City": "Bengaluru",
        "State": "Karnataka",
        "Pin Code": ""
    },
    {
        "Hospital Name": "METRO LIFE CARE HOSPITAL",
        "Address": "Chotu Ram Nagar , Bhadugarh",
        "City": "BAHADURGARH",
        "State": "Haryana",
        "Pin Code": "124507"
    },
    {
        "Hospital Name": "Mohan Nursing Home And Hospital",
        "Address": "B-2/40A, Yamuna Vihar, Near Bhajanpura Petrol Pump",
        "City": "Delhi",
        "State": "Delhi",
        "Pin Code": "110053"
    },
    {
        "Hospital Name": "Narayana Nethralaya-1, Rajajijangar",
        "Address": "121/C, Chord Rd, Near Iskcon Temple, 1st R Block, Rajajinagar",
        "City": "Bengaluru",
        "State": "Karnataka",
        "Pin Code": "560010"
    },
    {
        "Hospital Name": "New Life Line Hospital",
        "Address": "Near Water Supply Main Road, Kanthali",
        "City": "Kaithal",
        "State": "Haryana",
        "Pin Code": "136033"
    },
    {
        "Hospital Name": "NEW LIFE LINE HOSPITAL",
        "Address": "AMBALA-CHANDIGARH NH-22, NEAR SALES TAX BARRIER, ZIRAKPUR-CHANDIGARH BORDER",
        "City": "ZIRAKPUR,CHANDIGARH",
        "State": "Chandigarh",
        "Pin Code": ""
    },
    {
        "Hospital Name": "NEW LIFE HOSPITAL",
        "Address": "NEAR HARYANA GRAMIN BANK , PATUDI ROAD TAURU DISTT -NUH",
        "City": "NUH, HARYANA",
        "State": "Haryana",
        "Pin Code": "122105"
    },
    {
        "Hospital Name": "Om Hospital",
        "Address": "Samarpan Complex, Baragadi, Daskroi, Nandej, Ahmedabad",
        "City": "Nandej",
        "State": "",
        "Pin Code": "382435"
    },
    {
        "Hospital Name": "Om Orthopaedic & Maternity Hospital",
        "Address": "Shivdarshan Complex ,Parvat Patiya , Surat , Gujrat",
        "City": "Surat",
        "State": "Gujarat",
        "Pin Code": "394210"
    },
    {
        "Hospital Name": "O.P Memorial Hospital",
        "Address": "Shopping Center, 5, Avantika, Sector 1, Rohini",
        "City": "Delhi",
        "State": "Delhi",
        "Pin Code": "110085"
    },
    {
        "Hospital Name": "Pawani Hospital",
        "Address": "Garhi choukhandi sector-68 near pawani hospital uttar pardash",
        "City": "Uttar Pradesh",
        "State": "Uttar Pradesh",
        "Pin Code": ""
    },
    {
        "Hospital Name": "Pooja Nursing Home",
        "Address": "Medi Centre, Opp Mongahabhai Hall, Near Bus Stop Valsad, Gujrat",
        "City": "Valsad",
        "State": "Gujarat",
        "Pin Code": "396001"
    },
    {
        "Hospital Name": "Poly Clinic",
        "Address": "Saraspur",
        "City": "Ahmedabad",
        "State": "Gujarat",
        "Pin Code": "380018"
    },
    {
        "Hospital Name": "Prakash Medical Centre",
        "Address": "B-218, 1ST PUSTA, SONIA VIHAR, NEW",
        "City": "Delhi",
        "State": "Delhi",
        "Pin Code": "110094"
    },
    {
        "Hospital Name": "Prolife Hospital",
        "Address": "Asif Nagar Rd, Feroz Gandhi Nagar, Indira Nagar, Asif Nagar North",
        "City": "Hyderabad",
        "State": "Telangana",
        "Pin Code": "500028"
    },
    {
        "Hospital Name": "Pulse hospital",
        "Address": "Plot No 07 Opp Old Power House Sector -66 Badshapur Gurgaon Haryana Badshapur, Gurugram, Haryana 1220",
        "City": "Gurugram",
        "State": "Haryana",
        "Pin Code": "122101"
    },
    {
        "Hospital Name": "PRACHI HOSPITAL",
        "Address": "New Industrial Township-3",
        "City": "FARIDABAD",
        "State": "Haryana",
        "Pin Code": "121012"
    },
    {
        "Hospital Name": "Radicure Hospital And Research Centre",
        "Address": "Bowli More, Paschim Darwaza, Patna, Bihar -80008",
        "City": "Patna",
        "State": "Bihar",
        "Pin Code": "800008"
    },
    {
        "Hospital Name": "Reliable Hospital",
        "Address": "K-112, Near Santosh Medical College, Sector 12, Mata Colony, Pratap Vihar",
        "City": "Ghaziabad",
        "State": "Uttar Pradesh",
        "Pin Code": "201009"
    },
    {
        "Hospital Name": "Rps Hospital Maternity And Trauma Centre",
        "Address": "Kharak, Kharak Kalan",
        "City": "Bhiwani",
        "State": "Haryana",
        "Pin Code": "127114"
    },
    {
        "Hospital Name": "Ru Nirogdham Kamal Hospital Pvt Ltd",
        "Address": "Mawana Rd, Mohalla Kabli Gate",
        "City": "Mawana",
        "State": "Uttar Pradesh",
        "Pin Code": "250401"
    },
    {
        "Hospital Name": "SAI HOSPITAL",
        "Address": "BARWALA",
        "City": "BARWALA",
        "State": "Haryana",
        "Pin Code": ""
    },
    {
        "Hospital Name": "Sahara Sandhya Hospital",
        "Address": "Bhupatipur Main Rd, Surbhi Vihar, Sipara",
        "City": "Patna",
        "State": "Bihar",
        "Pin Code": "800020"
    },
    {
        "Hospital Name": "Sakshi General Hospital & Laproscopy Centre",
        "Address": "Shivdarshan Complex ,Parvat Patiya , Surat , Gujrat",
        "City": "Surat",
        "State": "Gujarat",
        "Pin Code": ""
    },
    {
        "Hospital Name": "Samriddhi Nursing Home",
        "Address": "Gali Number 3, Ali Nagar Colony, Salimpur Ahra, Kadamkuan",
        "City": "Patna",
        "State": "Bihar",
        "Pin Code": "800003"
    },
    {
        "Hospital Name": "Samprathi Eye Hospital and Squint Centre",
        "Address": "Bengaluru",
        "City": "Bengaluru",
        "State": "Karnataka",
        "Pin Code": ""
    },
    {
        "Hospital Name": "SANJEEVANI HOSPITAL",
        "Address": "BARWALA",
        "City": "BARWALA",
        "State": "Haryana",
        "Pin Code": ""
    },
    {
        "Hospital Name": "Sanjeevani Ayurveda & Yoga Centre",
        "Address": "Old No 63, New No: 8 Kamaraj Avenue 1st Street, Kasturba Nagar, Adyar",
        "City": "Chennai",
        "State": "Tamil Nadu",
        "Pin Code": "600020"
    },
    {
        "Hospital Name": "Sanjivani Hospital",
        "Address": "Behiend Riverside Complex, Shamlaji Rd, Deep Area, Modasa",
        "City": "Gujarat",
        "State": "Gujarat",
        "Pin Code": "383315"
    },
    {
        "Hospital Name": "Sargam Health Care",
        "Address": "KKhasra No. 77, Old Delhi Gurgaon, Opp. Indian Bank, Samalka, City:New",
        "City": "Delhi",
        "State": "Delhi",
        "Pin Code": ""
    },
    {
        "Hospital Name": "Saubhagya Multi Specialty Hospital",
        "Address": "Aarewali St, Ranjodh Park, Joshi Nagar, Haibowal Kalan",
        "City": "Ludhiana",
        "State": "Punjab",
        "Pin Code": "141001"
    },
    {
        "Hospital Name": "Sharda Clinic & Hospital",
        "Address": "Asarwa Chakla",
        "City": "Ahmedabad",
        "State": "Gujarat",
        "Pin Code": "380016"
    },
    {
        "Hospital Name": "Shree Hans Hospital",
        "Address": "Vishram Nagar , Ved Road, Surat , Gujrat .",
        "City": "Surat",
        "State": "Gujarat",
        "Pin Code": ""
    },
    {
        "Hospital Name": "Shreeji Multispeciality Hospital",
        "Address": "23, First Floor, Sahjanand Complex, Everest Cinema, Cross Road, Saraspur, Ahmedabad",
        "City": "Ahemdabad",
        "State": "",
        "Pin Code": "380018"
    },
    {
        "Hospital Name": "Shree Ram Nursing Home",
        "Address": "Patiala road",
        "City": "Siwan",
        "State": "Haryana",
        "Pin Code": "136033"
    },
    {
        "Hospital Name": "Shri Shyam Nursing Home",
        "Address": "H.No. 212, Behind Begumpur Bus Stand, Kanjhawala Rd, Pocket-6, Sector 22, Rohini, New",
        "City": "Delhi",
        "State": "Delhi",
        "Pin Code": "110086"
    },
    {
        "Hospital Name": "Sparsh Hospital",
        "Address": "Bengaluru",
        "City": "Yeshwanthpur",
        "State": "",
        "Pin Code": ""
    },
    {
        "Hospital Name": "Star Hospital",
        "Address": "Plot No -2, Gali No -6 , 45 Futa Road , Hindon Vihar , Meerut Road, Ghaziabad, Uttar Pradesh.",
        "City": "Ghaziabad",
        "State": "Uttar Pradesh",
        "Pin Code": "201001"
    },
    {
        "Hospital Name": "Sudha Hospital & Polyclinic",
        "Address": "Radha Kunj-A , G1 & G2 Behind Ambaji-Hanuman Mandir ,Malad",
        "City": "Mumbai",
        "State": "Maharashtra",
        "Pin Code": "400097"
    },
    {
        "Hospital Name": "Suraksha Nursing Home",
        "Address": "E - 22, Dilshad Colony, New",
        "City": "Delhi",
        "State": "Delhi",
        "Pin Code": "110095"
    },
    {
        "Hospital Name": "Sukhdai Hospital",
        "Address": "Vill- Kuju Dist Ramgarh",
        "City": "Jharkhand",
        "State": "Jharkhand",
        "Pin Code": "825316"
    },
    {
        "Hospital Name": "Sunrise Multispeciality Hospital",
        "Address": "Srinivasa Nagar",
        "City": "Nandyala",
        "State": "Andhra Pradesh",
        "Pin Code": "518501"
    },
    {
        "Hospital Name": "Sunrise Surgical Hospital & Laproscopic Centre",
        "Address": "Labhadham Complex , Kapodra Char Rasta Varachha Road , Surat , Gujrat .",
        "City": "Surat",
        "State": "Gujarat",
        "Pin Code": ""
    },
    {
        "Hospital Name": "Vajra Hospital",
        "Address": "Plot No 1/S, Korremula Road, Hyderabad - Warangal Hwy, near Sub-Registrar Office, Narepally",
        "City": "Hyderabad",
        "State": "Telangana",
        "Pin Code": "500088"
    },
    {
        "Hospital Name": "Ved Hospital",
        "Address": "Ghatlodia",
        "City": "Ahmedabad",
        "State": "Gujarat",
        "Pin Code": ""
    }
]