[
    {
        "Hospital Name": "Omni Hospital",
        "Address": "S.C.O 343-345, Sector-34",
        "City": "Chandigarh",
        "State": "Chandigarh",
        "Pin Code": "160034"
    },
    {
        "Hospital Name": "Shanbhag Nursing Home",
        "Address": "6, 3Rd Cross",
        "City": "Bengaluru",
        "State": "Karnataka",
        "Pin Code": "560079"
    },
    {
        "Hospital Name": "Rims Speciality Hospital",
        "Address": "233 (1)",
        "City": "Nedumangadu",
        "State": "Kerala",
        "Pin Code": "695541"
    },
    {
        "Hospital Name": "Sirish Hospital",
        "Address": "B-Xx 1140",
        "City": "Ludhiana",
        "State": "Punjab",
        "Pin Code": "141001"
    },
    {
        "Hospital Name": "Bani Park Hospital",
        "Address": "D-9,Kabir Marg",
        "City": "Jaipur",
        "State": "Rajasthan",
        "Pin Code": "302016"
    },
    {
        "Hospital Name": "Soundarapandian Bone & Joint Hospital & Research I",
        "Address": "Aa - 16, Iii Main Road",
        "City": "Chennai",
        "State": "Tamil Nadu",
        "Pin Code": "600040"
    },
    {
        "Hospital Name": "St.Thomas Hospital",
        "Address": "No.5/105 Defece Officers Colony Road St.Thomas",
        "City": "Chennai",
        "State": "Tamil Nadu",
        "Pin Code": "600016"
    },
    {
        "Hospital Name": "Royal Pearl Hospital",
        "Address": "C-12, 3Rd Cross",
        "City": "Trichy",
        "State": "Tamil Nadu",
        "Pin Code": "620018"
    },
    {
        "Hospital Name": "Behl Hospital",
        "Address": "B-128 Naraina Vihar",
        "City": "New Delhi",
        "State": "Delhi",
        "Pin Code": "110028"
    },
    {
        "Hospital Name": "Jubilant Kalpataru Hospital",
        "Address": "78 Jessore Road, South",
        "City": "Barasat",
        "State": "West Bengal",
        "Pin Code": "700127"
    },
    {
        "Hospital Name": "Shushrusha Medical & Cardiac Diagnostic Centre",
        "Address": "Opp.Mankeshwar Theatre, Peth - Sangli Road, Tal.",
        "City": "Sangli",
        "State": "Maharashtra",
        "Pin Code": "415409"
    },
    {
        "Hospital Name": "Ponmalligai Hospital P Ltd",
        "Address": "# 1, Kakkan Nagar, 1St Main Road, Adambakkam, Chennai",
        "City": "Chennai",
        "State": "Tamil Nadu",
        "Pin Code": "600088"
    },
    {
        "Hospital Name": "Tarawati Super Speciality Hospital",
        "Address": "Bajoria Road, Saharanpur",
        "City": "Saharanpur",
        "State": "Uttar Pradesh",
        "Pin Code": "247001"
    },
    {
        "Hospital Name": "Anila Hospital",
        "Address": "Opp. Venkateshwara Mehal,Main Road.",
        "City": "Pidguralla",
        "State": "Andhra Pradesh",
        "Pin Code": "522413"
    },
    {
        "Hospital Name": "Rama Nursing Home",
        "Address": "Kathi More,Itki",
        "City": "Dhanbad",
        "State": "Jharkhand",
        "Pin Code": "826001"
    },
    {
        "Hospital Name": "Hubli Super Speciality Hospital",
        "Address": "Kalyan Nagar, Vidyanagar, Hubballi,",
        "City": "Hubbali",
        "State": "Karnataka",
        "Pin Code": "580031"
    },
    {
        "Hospital Name": "Apex Hospital Mulund",
        "Address": "Veena Nagar Phase Ii, Near Swapna Nagari, Tulsi Pipe Line Road, Mulund (West),",
        "City": "Mumbai",
        "State": "Maharashtra",
        "Pin Code": "400080"
    },
    {
        "Hospital Name": "Devam Orthopaedic Hospital",
        "Address": "215-216, Sarvopari Mall, Near Bhuyangdev Cross Road, Sola Road, Ghatlodia",
        "City": "Ghatlodia",
        "State": "Gujarat",
        "Pin Code": "380061"
    },
    {
        "Hospital Name": "Holly Family Hospital",
        "Address": "Shakti Market,Bhaga,",
        "City": "Dhanbad",
        "State": "Jharkhand",
        "Pin Code": "828301"
    },
    {
        "Hospital Name": "Life Care Institute Of Medical Science & Research",
        "Address": "Nr. Cama Hotel, Khanpur, Ahmedabad",
        "City": "Ahmedabad",
        "State": "Gujarat",
        "Pin Code": "380001"
    },
    {
        "Hospital Name": "Sagar Hospital",
        "Address": "Chhaganlal Market,Kanta Toli Chowk,",
        "City": "Dhanbad",
        "State": "Jharkhand",
        "Pin Code": "826001"
    },
    {
        "Hospital Name": "Sardar Patel Hospital",
        "Address": "Rambaug Maninagar,Ahmedabad",
        "City": "Ahmedabad",
        "State": "Gujarat",
        "Pin Code": "380028"
    },
    {
        "Hospital Name": "Matru Shree Dudhiba Hospital And Icu",
        "Address": "111, Ajamaldham Soc, Brts Road, Simadagam, Surat",
        "City": "Surat",
        "State": "Gujarat",
        "Pin Code": "395006"
    },
    {
        "Hospital Name": "Swatantra Hospitals Pvt. Ltd.",
        "Address": "Near Kambala Park",
        "City": "Rajahmundry",
        "State": "Andhra",
        "Pin Code": "533105"
    },
    {
        "Hospital Name": "Bollineni Ramanaiah Memorial Hospitals Pvt. Ltd.",
        "Address": "Dargamitta",
        "City": "Nellore",
        "State": "Andhra Pradesh",
        "Pin Code": "524003"
    },
    {
        "Hospital Name": "A.N.Beach Hospital",
        "Address": "15-9-13/24,Krishna Nagar,",
        "City": "Visakhapatna m",
        "State": "Andhra Pradesh",
        "Pin Code": "530002"
    },
    {
        "Hospital Name": "Sahana Hospital",
        "Address": "143, 2Nd Main",
        "City": "Bengaluru",
        "State": "Karnataka",
        "Pin Code": "560060"
    },
    {
        "Hospital Name": "Kalamkar Hospital",
        "Address": "7, Nehru Marg",
        "City": "Nagpur",
        "State": "Maharashtra",
        "Pin Code": "440012"
    },
    {
        "Hospital Name": "Surya Hospital",
        "Address": "Shikrapur",
        "City": "Pune",
        "State": "Maharashtra",
        "Pin Code": "412208"
    },
    {
        "Hospital Name": "Sidana Multispeciality",
        "Address": "K.C Road",
        "City": "Barnala",
        "State": "Punjab",
        "Pin Code": "148101"
    },
    {
        "Hospital Name": "S. R. Medical Institute & Research Centre",
        "Address": "Namner Road, Lauries Complex",
        "City": "Agra",
        "State": "Uttar Pradesh",
        "Pin Code": "282001"
    },
    {
        "Hospital Name": "Amritdhara Hospital Pvt. Ltd.",
        "Address": "Chaura Bazar",
        "City": "Karnal",
        "State": "Haryana",
        "Pin Code": "132001"
    },
    {
        "Hospital Name": "Rahmat Nursing Home",
        "Address": "Green Park Colony Lane 7 Doon Scool Road Rampur Chungi",
        "City": "Roorkee",
        "State": "Uttarakhand",
        "Pin Code": "247664"
    },
    {
        "Hospital Name": "C F Sheth Hospital",
        "Address": "Shalimar Complex",
        "City": "Bharuch",
        "State": "Gujarat",
        "Pin Code": "392001"
    },
    {
        "Hospital Name": "Sanjeevan Hospital Shirwal",
        "Address": "Main Road",
        "City": "Khandala",
        "State": "Maharashtra",
        "Pin Code": "412801"
    },
    {
        "Hospital Name": "Sahyadri Hospital - Bopodi",
        "Address": "S.No. 10 A/3, A Old Puna Bombay Highway,",
        "City": "Pune",
        "State": "Maharashtra",
        "Pin Code": "411020"
    },
    {
        "Hospital Name": "Shree Sai Baba Heart Institute And Research",
        "Address": "Near Kalidas Kala Mandir Shalimar",
        "City": "Nashik",
        "State": "Maharashtra",
        "Pin Code": "422002"
    },
    {
        "Hospital Name": "Saarthi Healthcare",
        "Address": "Jamuna Sadan, Nearpaanch Rasta,",
        "City": "Mumbai",
        "State": "Maharashtra",
        "Pin Code": "400080"
    },
    {
        "Hospital Name": "Sanjeevani Hospital",
        "Address": "E-1 New Sanganer Road",
        "City": "Jaipur",
        "State": "Rajasthan",
        "Pin Code": "302019"
    },
    {
        "Hospital Name": "Sp Medical Center Private Limited",
        "Address": "11, East Vellalar, 1St Street, Adambakkam",
        "City": "Chennai",
        "State": "Tamil Nadu",
        "Pin Code": "600088"
    },
    {
        "Hospital Name": "Sraddha Hospital",
        "Address": "D.No.14-37-45, Collector Office Jn., Maharanipeta",
        "City": "Visakhapatna m",
        "State": "Andhra Pradesh",
        "Pin Code": "530002"
    },
    {
        "Hospital Name": "Nm Hospital",
        "Address": "91,92 Rahuman Saif Colony",
        "City": "Coimbatore",
        "State": "Tamil Nadu",
        "Pin Code": "641045"
    },
    {
        "Hospital Name": "Laddhad Hospital",
        "Address": "Wankhede Layout, Buldhana",
        "City": "Bhuldhana",
        "State": "Maharashtra",
        "Pin Code": "444301"
    },
    {
        "Hospital Name": "Parakh Hospital Pvt. Ltd",
        "Address": "Khokhani Lane, Opp. Ghatkopar Railway Station,",
        "City": "Mumbai",
        "State": "Maharashtra",
        "Pin Code": "400077"
    },
    {
        "Hospital Name": "Dr. Savla'S Polyclinic & Nursing Home",
        "Address": "B/6-7, Dharmodaya",
        "City": "Mumbai",
        "State": "Maharashtra",
        "Pin Code": "400086"
    },
    {
        "Hospital Name": "Suman Hospital",
        "Address": "Shivneri, 1St Floor, Near Ranenagar Bus Stop, Nashik- Mumbai Express Highway,",
        "City": "Nashik",
        "State": "Maharashtra",
        "Pin Code": "422009"
    },
    {
        "Hospital Name": "Gokhale Hospital",
        "Address": "996, Shukrawar Peth, Tilak",
        "City": "Pune",
        "State": "Maharashtra",
        "Pin Code": "411002"
    },
    {
        "Hospital Name": "Vedanayagam Hospital (P)",
        "Address": "133, East Bashyakaralu Road",
        "City": "Coimbatore",
        "State": "Tamil Nadu",
        "Pin Code": "641002"
    },
    {
        "Hospital Name": "Aayushmaan Hospital",
        "Address": "Kirthpur Road",
        "City": "Bijnor",
        "State": "Uttar",
        "Pin Code": "246701"
    },
    {
        "Hospital Name": "Parvati Devi Poly Clinic & Nursing Home",
        "Address": "Chippi Tank",
        "City": "Meerut",
        "State": "Uttar Pradesh",
        "Pin Code": "250001"
    },
    {
        "Hospital Name": "Sangeeth Nursing Home",
        "Address": "#5/1496, South Cherlai, Mattancherry",
        "City": "Kochi",
        "State": "Kerala",
        "Pin Code": "682002"
    },
    {
        "Hospital Name": "Medihope Hospitals And Research Center Pvt Ltd",
        "Address": "#114/1, Malleshpalya Main Road, New Thippasandra Post, Bangalore",
        "City": "Bengaluru",
        "State": "Karnataka",
        "Pin Code": "560075"
    },
    {
        "Hospital Name": "Life Cure Hospital",
        "Address": "Bilaspur Chowk, Nh-8 High Way",
        "City": "Gurgaon",
        "State": "Haryana",
        "Pin Code": "122413"
    },
    {
        "Hospital Name": "Rahmat Nursing Home",
        "Address": "Eidgad Chowk,",
        "City": "Hardwar",
        "State": "Uttarakhand",
        "Pin Code": "247667"
    },
    {
        "Hospital Name": "Usha Nursing Home",
        "Address": "Ravindranagar, Shimoga",
        "City": "Shivamogga",
        "State": "Karnataka",
        "Pin Code": "577201"
    },
    {
        "Hospital Name": "Innova Childrens Heart Hospital",
        "Address": "#12-5-30, Whith House, Tarnaka, Moulali Road,",
        "City": "Hyderabad",
        "State": "Telangana",
        "Pin Code": "500017"
    },
    {
        "Hospital Name": "Shree Hrishikeshaya Hospital",
        "Address": "# 2-6-71/A,Bharath Nagar Colony,Near Masjid,",
        "City": "Uppal",
        "State": "Telangana",
        "Pin Code": "500039"
    },
    {
        "Hospital Name": "New Hope Family Care Hospital",
        "Address": "No33/16 Sannathi Street, Villivakkam",
        "City": "Chennai",
        "State": "Tamil Nadu",
        "Pin Code": "600049"
    },
    {
        "Hospital Name": "Secunderabad Nursing Home",
        "Address": "277, Road No 11",
        "City": "Secunderabad",
        "State": "Telangana",
        "Pin Code": "500026"
    },
    {
        "Hospital Name": "Holy Angels Hospital",
        "Address": "Plot B, Community Centre, Basant Lok, Vasant Vihar,",
        "City": "Basant Lok",
        "State": "Delhi",
        "Pin Code": "110057"
    },
    {
        "Hospital Name": "Paras Surgical Hospital",
        "Address": "Opp:Krishna Cinema",
        "City": "Bavla",
        "State": "Gujarat",
        "Pin Code": "382220"
    },
    {
        "Hospital Name": "Basappa Memorial Hospital",
        "Address": "22/B, Vinuba Road",
        "City": "Mysuru",
        "State": "Karnataka",
        "Pin Code": "570012"
    },
    {
        "Hospital Name": "Sanjeevani Hospital",
        "Address": "Uttam Nagar",
        "City": "Pune",
        "State": "Maharashtra",
        "Pin Code": "411023"
    },
    {
        "Hospital Name": "Shree Sai Rugnalaya",
        "Address": "Chinchpada Road,",
        "City": "Pen",
        "State": "Maharashtra",
        "Pin Code": "402107"
    },
    {
        "Hospital Name": "Harihara Diagnostics And Nursing Home",
        "Address": "Hospital Chowk",
        "City": "Balangir",
        "State": "Orissa",
        "Pin Code": "767001"
    },
    {
        "Hospital Name": "Chakraborty Nursing Home",
        "Address": "Ground Floor,Near Hotel Urvashi,Main Road,Phusro Bazar,",
        "City": "Bokaro",
        "State": "Jharkhand",
        "Pin Code": "829144"
    },
    {
        "Hospital Name": "Life Line Hospital",
        "Address": "Plant Plaza Road,Dhurwa,",
        "City": "Ranchi",
        "State": "Jharkhand",
        "Pin Code": "834004"
    },
    {
        "Hospital Name": "Neelam Hospital Pvt Ltd",
        "Address": "Aasha Apartment Main Road,Kathara,",
        "City": "Bokaro",
        "State": "Jharkhand",
        "Pin Code": "828403"
    },
    {
        "Hospital Name": "Regional Hospital And Critical Care Centre",
        "Address": "Behind Old Zila School,Central Hospital",
        "City": "Dhanbad",
        "State": "Jharkhand",
        "Pin Code": "826001"
    },
    {
        "Hospital Name": "Chellam Hospital",
        "Address": "Vijayaraghavachariar Road",
        "City": "Salem",
        "State": "Tamil Nadu",
        "Pin Code": "636007"
    },
    {
        "Hospital Name": "Priti Hospital",
        "Address": "29-B, Panna Lal Road, Prayagraj, Uttar Pradesh",
        "City": "Allahabad",
        "State": "Uttar Pradesh",
        "Pin Code": "211002"
    },
    {
        "Hospital Name": "Shekhar Hospital Pvt Ltd",
        "Address": "Church Road",
        "City": "Lucknow",
        "State": "Uttar",
        "Pin Code": "226016"
    },
    {
        "Hospital Name": "Narendra Hospital",
        "Address": "Seeta Mahal Kasturba Road No.5, Borivali(E)",
        "City": "Borivali(E)",
        "State": "Maharashtra",
        "Pin Code": "400066"
    },
    {
        "Hospital Name": "Talwar Medical Centre",
        "Address": "M - 139 Greater Kailash - Ii",
        "City": "New Delhi",
        "State": "Delhi",
        "Pin Code": "100048"
    },
    {
        "Hospital Name": "Nk Chatterjee Memorial Maternity & Nursing Home",
        "Address": "63, Raja Bazar",
        "City": "Midnapore",
        "State": "West Bengal",
        "Pin Code": "721101"
    },
    {
        "Hospital Name": "Yash Eye Clinic",
        "Address": "358 Somwar Peth",
        "City": "Satara",
        "State": "Maharashtra",
        "Pin Code": "415002"
    },
    {
        "Hospital Name": "Medihope Hospitals And Research Center Pvt Ltd",
        "Address": "#114/1, Malleshpalya Main Road, New Thippasandra Post, Bangalore",
        "City": "Bengaluru",
        "State": "Karnataka",
        "Pin Code": "560075"
    },
    {
        "Hospital Name": "Medihope Hospitals And Research Center Pvt Ltd",
        "Address": "#114/1, Malleshpalya Main Road, New Thippasandra Post, Bangalore",
        "City": "Bengaluru",
        "State": "Karnataka",
        "Pin Code": "560075"
    },
    {
        "Hospital Name": "Dr. Gunasekharan Hospital",
        "Address": "1, Crescent Park Street, T",
        "City": "Chennai",
        "State": "Tamil Nadu",
        "Pin Code": "600017"
    },
    {
        "Hospital Name": "Sushil Hospital",
        "Address": "10, Mayur Kunj Society",
        "City": "Nadiad",
        "State": "Gujarat",
        "Pin Code": "387001"
    },
    {
        "Hospital Name": "Kamdar Nursing Home",
        "Address": "1St Floor, Kiran Niketan",
        "City": "Mumbai",
        "State": "Maharashtra",
        "Pin Code": "400077"
    },
    {
        "Hospital Name": "Ramkrishana Medical Research Centre",
        "Address": "Rohit Apartment,",
        "City": "Nashik",
        "State": "Maharashtra",
        "Pin Code": "422002"
    },
    {
        "Hospital Name": "Rama Nursing Home",
        "Address": "Kathi More,Itki",
        "City": "Dhanbad",
        "State": "Jharkhand",
        "Pin Code": "826001"
    },
    {
        "Hospital Name": "City Hospital And Research Centre",
        "Address": "B-19/5,Ring Road,Tagore Nagar,Jainamore,",
        "City": "Bokaro",
        "State": "Jharkhand",
        "Pin Code": "834001"
    },
    {
        "Hospital Name": "Shree Sathya Subha Hospital",
        "Address": "No. 53, New Agraharam, Palaniroad, Dindigul Town, Dindigul, Tamil Nadu",
        "City": "Dindigul",
        "State": "Tamil Nadu",
        "Pin Code": "624001"
    },
    {
        "Hospital Name": "Alpha Medical Services Pvt. Ltd.",
        "Address": "21/1, M A K Azad Road",
        "City": "Kolkata",
        "State": "West Bengal",
        "Pin Code": "711101"
    },
    {
        "Hospital Name": "Dum Dum Eye-Microsurgery Centre",
        "Address": "5/1/1C, Kalicharan Seth Lane",
        "City": "Kolkata",
        "State": "West Bengal",
        "Pin Code": "700030"
    },
    {
        "Hospital Name": "Taneja Hospital",
        "Address": "F-15, Preet Vihar Vikas Marg",
        "City": "New Delhi",
        "State": "Delhi",
        "Pin Code": "110092"
    },
    {
        "Hospital Name": "Kumar Nursing Home",
        "Address": "Ramghat Road",
        "City": "Aligarh",
        "State": "Uttar",
        "Pin Code": "202001"
    },
    {
        "Hospital Name": "Thombare Hospital",
        "Address": "Riddhi Complex, 1St Floor Sector-13, Opp: Petrol Pump",
        "City": "Panvel",
        "State": "Maharashtra",
        "Pin Code": "410206"
    },
    {
        "Hospital Name": "Vims Hospital",
        "Address": "#88, Marathahalli Outer Ring Road",
        "City": "Bengaluru",
        "State": "Karnataka",
        "Pin Code": "560037"
    },
    {
        "Hospital Name": "Navin Hospital",
        "Address": "N.H.3, Pocket -F,Sector Alpha",
        "City": "Noida",
        "State": "Uttar",
        "Pin Code": "201308"
    },
    {
        "Hospital Name": "Umkal Hospital",
        "Address": "Sushant Lok-1 A-520 Near Iffco Metro Station",
        "City": "Gurgaon",
        "State": "Haryana",
        "Pin Code": "122002"
    },
    {
        "Hospital Name": "Parimal Hospital",
        "Address": "Punit Mag",
        "City": "Ahmedabad",
        "State": "Gujarat",
        "Pin Code": "380008"
    },
    {
        "Hospital Name": "Indira Nursing Home",
        "Address": "M.G.Road",
        "City": "Mumbai",
        "State": "Maharashtra",
        "Pin Code": "400080"
    },
    {
        "Hospital Name": "Saiseva Nursing Home",
        "Address": "Deccan Tower",
        "City": "Pune",
        "State": "Maharashtra",
        "Pin Code": "411001"
    },
    {
        "Hospital Name": "Jaya Hospital",
        "Address": "31/58/1, Tularambagh, J.L.N.Road",
        "City": "Allahabad",
        "State": "Uttar Pradesh",
        "Pin Code": "211006"
    },
    {
        "Hospital Name": "Shree Netra Eye Foundation",
        "Address": "73, Chakraberia Road (North)",
        "City": "Kolkata",
        "State": "West Bengal",
        "Pin Code": "700020"
    },
    {
        "Hospital Name": "Rathimed Speciality Hospital",
        "Address": "No.102, Q - Block, 3Rd Avenue, Anna Nagar, Chennai",
        "City": "Chennai",
        "State": "Tamil Nadu",
        "Pin Code": "600040"
    },
    {
        "Hospital Name": "Mowthi Nursing Home",
        "Address": "Alamaram Bus Stop Vadavalli",
        "City": "Coimbatore",
        "State": "Tamil Nadu",
        "Pin Code": "641041"
    },
    {
        "Hospital Name": "Kuber Hospital, Delhi",
        "Address": "Xx",
        "City": "New Delhi",
        "State": "Delhi",
        "Pin Code": "110034"
    },
    {
        "Hospital Name": "Deepak Hospital",
        "Address": "Town Hall Road, Jalna",
        "City": "Jalna",
        "State": "Maharashtra",
        "Pin Code": "431203"
    },
    {
        "Hospital Name": "Medihope Hospitals And Research Center Pvt Ltd",
        "Address": "#114/1, Malleshpalya Main Road, New Thippasandra Post, Bangalore",
        "City": "Bengaluru",
        "State": "Karnataka",
        "Pin Code": "560075"
    },
    {
        "Hospital Name": "Sama Hospital",
        "Address": "8, Siri Fort Road",
        "City": "New Delhi",
        "State": "Delhi",
        "Pin Code": "110049"
    },
    {
        "Hospital Name": "Agadi Hospital & Research Centre",
        "Address": "35 Siddaiah Road",
        "City": "Bengaluru",
        "State": "Karnataka",
        "Pin Code": "560027"
    },
    {
        "Hospital Name": "Subbaiah Hospital",
        "Address": "S R Road",
        "City": "Shivamogga",
        "State": "Karnataka",
        "Pin Code": "577201"
    },
    {
        "Hospital Name": "Arogya Hospital",
        "Address": "National Highway 12",
        "City": "Mandideep",
        "State": "Madhya",
        "Pin Code": "462046"
    },
    {
        "Hospital Name": "Healthcare Specialist Hospital",
        "Address": "Sainik Market,Near Pond Pachamba Road,",
        "City": "Giridih",
        "State": "Jharkhand",
        "Pin Code": "815301"
    },
    {
        "Hospital Name": "Jivan Jyoti Hospital",
        "Address": "Purana Bazar,Main",
        "City": "Dhanbad",
        "State": "Jharkhand",
        "Pin Code": "828314"
    },
    {
        "Hospital Name": "Sai Krishna Neuro Hospital",
        "Address": "#: 3-4-1, Vlr Complex,Station Road",
        "City": "Kacheeguda",
        "State": "Telangana",
        "Pin Code": "500027"
    },
    {
        "Hospital Name": "Life Line Hospital",
        "Address": "Plant Plaza Road,Dhurwa,",
        "City": "Ranchi",
        "State": "Jharkhand",
        "Pin Code": "834004"
    },
    {
        "Hospital Name": "Family Care Hospital",
        "Address": "Uma Mahesh Building,M.M. Chotani Marg,Cross Road- 2,Mahim(W),",
        "City": "Mumbai",
        "State": "Maharashtra",
        "Pin Code": "400016"
    },
    {
        "Hospital Name": "Icon Hospital",
        "Address": "Manpada Road Mahaveer Nagar Corner",
        "City": "Mumbai",
        "State": "Maharashtra",
        "Pin Code": "421201"
    },
    {
        "Hospital Name": "Birajdar Hospital",
        "Address": "Shiv Parvathi Panjarpol",
        "City": "Solapur",
        "State": "Maharashtra",
        "Pin Code": "413001"
    },
    {
        "Hospital Name": "Tirumala Vijaya Hospital",
        "Address": "1-68-21,Mi-10/2,Sector- Ii,Mvp Colony,",
        "City": "Visakhapatna m",
        "State": "Andhra Pradesh",
        "Pin Code": "530017"
    },
    {
        "Hospital Name": "K.J.Hospital",
        "Address": "56-A,Palghat Main Road,Kuniyamuthur,",
        "City": "Coimbatore",
        "State": "Tamil Nadu",
        "Pin Code": "641008"
    },
    {
        "Hospital Name": "Payal Nursing Home",
        "Address": "Center Market,Jaina More,",
        "City": "Bokaro",
        "State": "Jharkhand",
        "Pin Code": "829301"
    },
    {
        "Hospital Name": "Regional Hospital And Critical Care Centre",
        "Address": "Behind Old Zila School,Central Hospital",
        "City": "Dhanbad",
        "State": "Jharkhand",
        "Pin Code": "826001"
    },
    {
        "Hospital Name": "Ganga Hospital",
        "Address": "H.No:16-7-178, Near Venkatrama Theatre Junction",
        "City": "Warangal",
        "State": "Telangana",
        "Pin Code": "506002"
    },
    {
        "Hospital Name": "Goenka Hospital",
        "Address": "Pethapur Mahudi Road, Near Ggs, Piplaj, Gandhinagar-",
        "City": "Ahmedabad",
        "State": "Gujarat",
        "Pin Code": "382610"
    },
    {
        "Hospital Name": "Life Line Hospital",
        "Address": "Kothi Road, Hapur",
        "City": "Hapur",
        "State": "Uttar",
        "Pin Code": "245101"
    },
    {
        "Hospital Name": "Radicure Hospital And Research Centre",
        "Address": "Bowli More, Paschim Darwaza,",
        "City": "Paschim Darwaza",
        "State": "Bihar",
        "Pin Code": "800008"
    },
    {
        "Hospital Name": "Dr. Ghatkar Hospital",
        "Address": "Ap Chakan, Shubham Complex, Chakan Tal-Khed",
        "City": "Pune",
        "State": "Maharashtra",
        "Pin Code": "410501"
    },
    {
        "Hospital Name": "Creative Care Hospital",
        "Address": "Sunder Nagar,Mahadeo Ghat Road,",
        "City": "Dhanbad",
        "State": "Jharkhand",
        "Pin Code": "827009"
    },
    {
        "Hospital Name": "Creative Care Hospital",
        "Address": "Sunder Nagar,Mahadeo Ghat Road,",
        "City": "Dhanbad",
        "State": "Jharkhand",
        "Pin Code": "827009"
    },
    {
        "Hospital Name": "Frieden Lovely Hospital",
        "Address": "#3/11/48,Gokhale Nagar,Opp:Govt. Homeopathi Medical",
        "City": "Hyderabad",
        "State": "Telangana",
        "Pin Code": "500013"
    },
    {
        "Hospital Name": "Sahin Memorial Hospital",
        "Address": "Mulchand Chok,Pipeline Road,Asarganj,",
        "City": "Asarganj",
        "State": "Bihar",
        "Pin Code": "813201"
    },
    {
        "Hospital Name": "Sanjeevani Health Care",
        "Address": "Telo,Nawadih,Via",
        "City": "Bokaro",
        "State": "Jharkhand",
        "Pin Code": "828403"
    },
    {
        "Hospital Name": "Shivas Eye Care",
        "Address": "Plot No.1824/1,18Th Main Road, Anna Nagar, Chennai",
        "City": "Chennai",
        "State": "Tamil Nadu",
        "Pin Code": "600040"
    },
    {
        "Hospital Name": "Jivan Jyoti Hospital",
        "Address": "Purana Bazar,Main",
        "City": "Dhanbad",
        "State": "Jharkhand",
        "Pin Code": "828314"
    },
    {
        "Hospital Name": "City Hospital And Research Centre",
        "Address": "B-19/5,Ring Road,Tagore Nagar,Jainamore,",
        "City": "Bokaro",
        "State": "Jharkhand",
        "Pin Code": "834001"
    },
    {
        "Hospital Name": "Suraj Nursing Home",
        "Address": "Gunjardih,Aamtola,Nawadih,",
        "City": "Bokaro",
        "State": "Jharkhand",
        "Pin Code": "829144"
    },
    {
        "Hospital Name": "Deepam Eye Hospital",
        "Address": "No.72,Medvakkam Tank Road,Kilpauk,",
        "City": "Chennai",
        "State": "Tamil Nadu",
        "Pin Code": "600010"
    },
    {
        "Hospital Name": "Laxmi Hospital & Diagnostic Centre",
        "Address": "1St&2Nd Floor,Samarpan Complex, Ambali Bopal Ring Road, Char Rasta, Ambali",
        "City": "Ahmedabad",
        "State": "Gujarat",
        "Pin Code": "380058"
    },
    {
        "Hospital Name": "Medicare Nursing Home",
        "Address": "Plot No:Ssp-1,Sector-9,Near Gayatri Mandir,B.S.City,",
        "City": "Dhanbad",
        "State": "Jharkhand",
        "Pin Code": "827009"
    },
    {
        "Hospital Name": "Aarna Super Speciality Hospital",
        "Address": "Uro Cure House, Opp. Suvidha Shopping Centre, Nr. Parimal Under Bridge, Paldi",
        "City": "Ahmedabad",
        "State": "Gujarat",
        "Pin Code": "380007"
    },
    {
        "Hospital Name": "Chakraborty Nursing Home",
        "Address": "Ground Floor,Near Hotel Urvashi,Main Road,Phusro Bazar,",
        "City": "Bokaro",
        "State": "Jharkhand",
        "Pin Code": "829144"
    },
    {
        "Hospital Name": "Care Hospital And Research Center",
        "Address": "Upper Toli,Karma Basti,Parsbani(Near Bank Of India),Nawadih,",
        "City": "Bokaro",
        "State": "Jharkhand",
        "Pin Code": "827007"
    },
    {
        "Hospital Name": "Suraksha Maternity And General Hospital",
        "Address": "Plot No:65,Behind Press Club Gulbarga,Kusnoor Road,",
        "City": "Kalaburagi",
        "State": "Karnataka",
        "Pin Code": "585106"
    },
    {
        "Hospital Name": "Gr Hospital",
        "Address": "1216 Citi Link Road, Ngo Colony, Adambakkam,",
        "City": "Chennai",
        "State": "Tamil Nadu",
        "Pin Code": "600088"
    },
    {
        "Hospital Name": "Sagar Hospital",
        "Address": "Chhaganlal Market,Kanta Toli Chowk,",
        "City": "Dhanbad",
        "State": "Jharkhand",
        "Pin Code": "826001"
    },
    {
        "Hospital Name": "Samrat Memorial Hospital & Research Centre",
        "Address": "203,Shanti Bhawan,Panchet More,",
        "City": "Dhanbad",
        "State": "Jharkhand",
        "Pin Code": "826001"
    },
    {
        "Hospital Name": "Green View Nursing Home",
        "Address": "B.T. Road, (Dhankal Bus Stop, Panihati, Kolkata",
        "City": "Kolkata",
        "State": "West Bengal",
        "Pin Code": "700114"
    },
    {
        "Hospital Name": "Healthcare Specialist Hospital",
        "Address": "Sainik Market,Near Pond Pachamba Road,",
        "City": "Giridih",
        "State": "Jharkhand",
        "Pin Code": "815301"
    },
    {
        "Hospital Name": "Neelam Hospital Pvt Ltd",
        "Address": "Aasha Apartment Main Road,Kathara,",
        "City": "Bokaro",
        "State": "Jharkhand",
        "Pin Code": "828403"
    },
    {
        "Hospital Name": "Lady Care Womens Hospital & Child Care",
        "Address": "2Nd Floor, B Block, Swaminarayan Avenue, Naranpura",
        "City": "Ahmedabad",
        "State": "Gujarat",
        "Pin Code": "380013"
    },
    {
        "Hospital Name": "Anupam Nursing Home",
        "Address": "Chandni Market,Aryabrath Colony,Basantpur,",
        "City": "Chapra",
        "State": "Bihar",
        "Pin Code": "841405"
    },
    {
        "Hospital Name": "Saiyog Hospital",
        "Address": "Main Road,Suri Nawadih,Nawadih,",
        "City": "Bokaro",
        "State": "Jharkhand",
        "Pin Code": "829144"
    },
    {
        "Hospital Name": "Grace Endoscopy (Wings Womens Institute Of Inferti",
        "Address": "2, Sumangalam Society, Near Hdfc Bank, Opp. Drive In Cinema, Thaltey",
        "City": "Ahmedabad",
        "State": "Gujarat",
        "Pin Code": "380054"
    },
    {
        "Hospital Name": "Anupam Nursing Home",
        "Address": "Chandni Market,Aryabrath Colony,Basantpur,",
        "City": "Chapra",
        "State": "Bihar",
        "Pin Code": "841405"
    },
    {
        "Hospital Name": "Shivam Hospital",
        "Address": "Ranchi Road,Nawaadih,",
        "City": "Bokaro",
        "State": "Jharkhand",
        "Pin Code": "825407"
    },
    {
        "Hospital Name": "Eve Care Maternity",
        "Address": "2, Sumangalam Society, Near Hdfc Bank, Opp. Drive In Cinema, Thalhy",
        "City": "Thalhy",
        "State": "Gujarat",
        "Pin Code": "380054"
    },
    {
        "Hospital Name": "Suraj Nursing Home",
        "Address": "Gunjardih,Aamtola,Nawadih,",
        "City": "Bokaro",
        "State": "Jharkhand",
        "Pin Code": "829144"
    },
    {
        "Hospital Name": "Synergy Hospital",
        "Address": "Scheme No-74-C, Sector-B, Vijay Nagar,",
        "City": "Indore",
        "State": "Madhya Pradesh",
        "Pin Code": "452010"
    },
    {
        "Hospital Name": "Sengupta Hospital Developers & Solutions",
        "Address": "4, Hari Mohan Dutta Road, Dum Dum",
        "City": "Dum Dum",
        "State": "West Bengal",
        "Pin Code": "700028"
    },
    {
        "Hospital Name": "Wings Womens Hospital (Boonivf Centre)",
        "Address": "2, Sumangalam Society, Near Hdfc Bank, Opp. Drive In Cinema, Bodakdev, Ahmedabad 380054",
        "City": "Ahmedabad",
        "State": "Gujarat",
        "Pin Code": "380054"
    },
    {
        "Hospital Name": "Balaji Hospital",
        "Address": "(Dr.Surjit)Taj Colony,Hansi Road,Barala,",
        "City": "Hisar",
        "State": "Haryana",
        "Pin Code": "125001"
    },
    {
        "Hospital Name": "Care Hospital And Research Center",
        "Address": "Upper Toli,Karma Basti,Parsbani(Near Bank Of India),Nawadih,",
        "City": "Bokaro",
        "State": "Jharkhand",
        "Pin Code": "827007"
    },
    {
        "Hospital Name": "Saiyog Hospital",
        "Address": "Main Road,Suri Nawadih,Nawadih,",
        "City": "Bokaro",
        "State": "Jharkhand",
        "Pin Code": "829144"
    },
    {
        "Hospital Name": "Maruti Orthopedic Hospital",
        "Address": "L-10,11, Svatantry Senani Nagar, Near Akhabar Nagar Under Bridge, 132 Fit Ring Road,Nava Vadaj",
        "City": "Ahmedabad",
        "State": "Gujarat",
        "Pin Code": "380017"
    },
    {
        "Hospital Name": "Holly Family Hospital",
        "Address": "Shakti Market,Bhaga,",
        "City": "Dhanbad",
        "State": "Jharkhand",
        "Pin Code": "828301"
    },
    {
        "Hospital Name": "Tirupati Genaral Hospital",
        "Address": "132Ft Ring Road, Opp. Shivam Flats, Nava Vadaj, Nr.Akhabarnagar Circle",
        "City": "Ahmedabad",
        "State": "Gujarat",
        "Pin Code": "380013"
    },
    {
        "Hospital Name": "Payal Nursing Home",
        "Address": "Center Market,Jaina More,",
        "City": "Bokaro",
        "State": "Jharkhand",
        "Pin Code": "829301"
    },
    {
        "Hospital Name": "Sahin Memorial Hospital",
        "Address": "Mulchand Chok,Pipeline Road,Asarganj,",
        "City": "Asarganj",
        "State": "Bihar",
        "Pin Code": "813201"
    },
    {
        "Hospital Name": "Nestiva Medicare Pvt Ltd",
        "Address": "Road No 1, Yarpur",
        "City": "Gardanibagh",
        "State": "Bihar",
        "Pin Code": "800001"
    },
    {
        "Hospital Name": "Sharada Nursing Home",
        "Address": "F-Type:11-2,Sector- 3Ea,Kalamboli,Navi Mumbai,",
        "City": "Mumbai",
        "State": "Maharashtra",
        "Pin Code": "410218"
    },
    {
        "Hospital Name": "Shivam Hospital",
        "Address": "Ranchi Road,Nawaadih,",
        "City": "Bokaro",
        "State": "Jharkhand",
        "Pin Code": "825407"
    },
    {
        "Hospital Name": "Cosmos Hospital Criticare Center",
        "Address": "Shivraj Building,Manpada Road,",
        "City": "Dombivil",
        "State": "Maharashtra",
        "Pin Code": "421201"
    },
    {
        "Hospital Name": "Sumangal Hospital",
        "Address": "1St Floor, Shahil Commercial Complex, Near Matoshri School, Chinchpada Road,",
        "City": "Mumbai",
        "State": "Maharashtra",
        "Pin Code": "421306"
    },
    {
        "Hospital Name": "Karuna Multispeciality",
        "Address": "Katemanivali",
        "City": "Kalyan",
        "State": "Maharashtra",
        "Pin Code": "222222"
    },
    {
        "Hospital Name": "Sunflower Womens Endo Infertility & Hospital Pvt. Ltd.",
        "Address": "Nr. Manav Mandir, Opp. Trafic Police Helmet, Memnagar, Ahmedabad-",
        "City": "Ahmedabad",
        "State": "Gujarat",
        "Pin Code": "380052"
    },
    {
        "Hospital Name": "Umiya Surgical Hospital",
        "Address": "Samarpan Tower, Near Ankur Cross Road, 132 Ft Ring Road, Naranpura, Ahmedabad.",
        "City": "Ahmedabad",
        "State": "Gujarat",
        "Pin Code": "380013"
    },
    {
        "Hospital Name": "Samrat Memorial Hospital & Research Centre",
        "Address": "203,Shanti Bhawan,Panchet More,",
        "City": "Dhanbad",
        "State": "Jharkhand",
        "Pin Code": "826001"
    },
    {
        "Hospital Name": "Sanjeevani Health Care",
        "Address": "Telo,Nawadih,Via",
        "City": "Bokaro",
        "State": "Jharkhand",
        "Pin Code": "828403"
    },
    {
        "Hospital Name": "Aashutosh Hospital",
        "Address": "G1/73 Transport Nagar, Opp Shivani Public",
        "City": "Lucknow",
        "State": "Uttar Pradesh",
        "Pin Code": "226012"
    },
    {
        "Hospital Name": "Super Surgical Hospital",
        "Address": "\"Anamay,Near Hotel President,C G Road, Swastik Cross Road,",
        "City": "Ahmedabad",
        "State": "Gujarat",
        "Pin Code": "380009"
    },
    {
        "Hospital Name": "Yog Mata Pilot Baba Multi Speciality Hospital( A Unit Of Giri Healthcare)",
        "Address": "Deshrakshak More Lakshar Road Kankal",
        "City": "Haridwar",
        "State": "Uttarakhand",
        "Pin Code": "249408"
    },
    {
        "Hospital Name": "Chhani Multispeciality Hospital",
        "Address": "First Floor, Tower A, Ishantisira, Nr. Sitaram Super Market, Chhani, Vadodara",
        "City": "Vadodara",
        "State": "Gujarat",
        "Pin Code": "391740"
    },
    {
        "Hospital Name": "Siri Abhaya Hospital",
        "Address": "# 10-3-59/79, I G Colony Road, Near Rtc Bus Stop, Rampally Keesara",
        "City": "Rampally",
        "State": "Telangana",
        "Pin Code": "501301"
    },
    {
        "Hospital Name": "Ashirwad Hospital",
        "Address": "S Civil Lines,Laxman Vihar Colony,Nuzaffarnagar",
        "City": "Muzaffarnagar",
        "State": "Uttar Pradesh",
        "Pin Code": "111111"
    },
    {
        "Hospital Name": "Unnati Multispeciality Hospital",
        "Address": "Shree Malang Road, Opp Radhe Krishna Park Near 100 Ft. Road Kalyan (E)",
        "City": "Mumbai",
        "State": "Maharashtra",
        "Pin Code": "421306"
    },
    {
        "Hospital Name": "Aadhar Hospital & Trauma Centre",
        "Address": "Add-Plot No-240, Main Road,",
        "City": "Azamgarh",
        "State": "Uttar Pradesh",
        "Pin Code": "276001"
    },
    {
        "Hospital Name": "Prerna Hospital",
        "Address": "207-208, 2Nd Floor, Shubham Arcade, Sarthana, Jakatnaka,",
        "City": "Surat",
        "State": "Gujarat",
        "Pin Code": "395006"
    },
    {
        "Hospital Name": "Life Cure Hospital",
        "Address": "Bilaspur Chowk, Nh-8",
        "City": "Gurgaon",
        "State": "Haryana",
        "Pin Code": "122413"
    },
    {
        "Hospital Name": "Global Hospital",
        "Address": "Rathur Market, Gt Road",
        "City": "Sindholi",
        "State": "Uttar",
        "Pin Code": "202001"
    },
    {
        "Hospital Name": "Vennela Childrens & Multispeciality Hospital",
        "Address": "D.No.46-17-15/A&B. Danavaipeta, Hdfc Bank Side",
        "City": "Rajamahedrav aram",
        "State": "Andhra Pradesh",
        "Pin Code": "533103"
    },
    {
        "Hospital Name": "Rahmat Nursing Home",
        "Address": "31, Dehradun Rd, Gulaab Nagar, Rampur",
        "City": "Haridwar",
        "State": "Uttarakhand",
        "Pin Code": "247667"
    },
    {
        "Hospital Name": "Jayaraja Hospital",
        "Address": "Malliga Illam No 83 Charles",
        "City": "Pudukkottai",
        "State": "Tamil Nadu",
        "Pin Code": "622003"
    }
]