{
  "byCompany": [
    {
      "label": "Oracle",
      "count": 207
    },
    {
      "label": "IBM",
      "count": 83
    },
    {
      "label": "Uplers",
      "count": 80
    },
    {
      "label": "Accenture in India",
      "count": 68
    },
    {
      "label": "Walmart Global Tech India",
      "count": 62
    },
    {
      "label": "Accenture services Pvt Ltd",
      "count": 53
    },
    {
      "label": "Tata Consultancy Services",
      "count": 53
    },
    {
      "label": "AlgoSec",
      "count": 52
    },
    {
      "label": "EXL",
      "count": 42
    },
    {
      "label": "Persistent Systems",
      "count": 40
    },
    {
      "label": "Capgemini",
      "count": 39
    },
    {
      "label": "EY",
      "count": 39
    },
    {
      "label": "UPS",
      "count": 37
    },
    {
      "label": "Amazon",
      "count": 36
    },
    {
      "label": "Intuit",
      "count": 36
    },
    {
      "label": "Larsen & Toubro",
      "count": 34
    },
    {
      "label": "Infosys",
      "count": 33
    },
    {
      "label": "HSBC",
      "count": 32
    },
    {
      "label": "Teradata",
      "count": 31
    },
    {
      "label": "EPAM Systems",
      "count": 29
    }
  ],
  "byLocation": [
    {
      "label": "Bengaluru, Karnataka, India",
      "count": 1366
    },
    {
      "label": "Hyderabad, Telangana, India",
      "count": 477
    },
    {
      "label": "Pune, Maharashtra, India",
      "count": 431
    },
    {
      "label": "Chennai, Tamil Nadu, India",
      "count": 364
    },
    {
      "label": "India",
      "count": 225
    },
    {
      "label": "Gurugram, Haryana, India",
      "count": 220
    },
    {
      "label": "Mumbai, Maharashtra, India",
      "count": 177
    },
    {
      "label": "Noida, Uttar Pradesh, India",
      "count": 156
    },
    {
      "label": "Bengaluru East, Karnataka, India",
      "count": 95
    },
    {
      "label": "Mumbai Metropolitan Region",
      "count": 81
    },
    {
      "label": "Gurgaon, Haryana, India",
      "count": 78
    },
    {
      "label": "New Delhi, Delhi, India",
      "count": 70
    },
    {
      "label": "Ahmedabad, Gujarat, India",
      "count": 65
    },
    {
      "label": "Bangalore Urban, Karnataka, India",
      "count": 64
    },
    {
      "label": "Greater Bengaluru Area",
      "count": 45
    },
    {
      "label": "Greater Kolkata Area",
      "count": 42
    },
    {
      "label": "Pune/Pimpri-Chinchwad Area",
      "count": 36
    },
    {
      "label": "Kochi, Kerala, India",
      "count": 31
    },
    {
      "label": "Navi Mumbai, Maharashtra, India",
      "count": 29
    },
    {
      "label": "Delhi, India",
      "count": 29
    },
    {
      "label": "Trivandrum, Kerala, India",
      "count": 25
    },
    {
      "label": "Karnataka, India",
      "count": 23
    },
    {
      "label": "Bengaluru South, Karnataka, India",
      "count": 23
    },
    {
      "label": "Coimbatore, Tamil Nadu, India",
      "count": 21
    },
    {
      "label": "Greater Chennai Area",
      "count": 20
    },
    {
      "label": "Vadodara, Gujarat, India",
      "count": 18
    },
    {
      "label": "Indore, Madhya Pradesh, India",
      "count": 17
    },
    {
      "label": "Kolkata, West Bengal, India",
      "count": 16
    },
    {
      "label": "Jaipur, Rajasthan, India",
      "count": 16
    },
    {
      "label": "Telangana, India",
      "count": 14
    },
    {
      "label": "Bhubaneswar, Odisha, India",
      "count": 13
    },
    {
      "label": "Maharashtra, India",
      "count": 12
    },
    {
      "label": "Delhi, Delhi, India",
      "count": 12
    },
    {
      "label": "Chorasi, Gujarat, India",
      "count": 11
    },
    {
      "label": "Faridabad, Haryana, India",
      "count": 10
    },
    {
      "label": "Greater Hyderabad Area",
      "count": 10
    },
    {
      "label": "Anupgarh, Rajasthan, India",
      "count": 10
    },
    {
      "label": "Thane, Maharashtra, India",
      "count": 10
    },
    {
      "label": "Tamil Nadu, India",
      "count": 9
    },
    {
      "label": "Nagpur, Maharashtra, India",
      "count": 9
    },
    {
      "label": "Surat, Gujarat, India",
      "count": 8
    },
    {
      "label": "Mysore, Karnataka, India",
      "count": 8
    },
    {
      "label": "Andhra Pradesh, India",
      "count": 7
    },
    {
      "label": "Uttar Pradesh, India",
      "count": 7
    },
    {
      "label": "Thiruvananthapuram, Kerala, India",
      "count": 7
    },
    {
      "label": "Nashik, Maharashtra, India",
      "count": 6
    },
    {
      "label": "Mohali district, India",
      "count": 6
    },
    {
      "label": "Aurangabad, Maharashtra, India",
      "count": 6
    },
    {
      "label": "Chandigarh, Chandigarh, India",
      "count": 6
    },
    {
      "label": "Jamnagar, Gujarat, India",
      "count": 5
    },
    {
      "label": "Patna, Bihar, India",
      "count": 5
    },
    {
      "label": "Lucknow, Uttar Pradesh, India",
      "count": 5
    },
    {
      "label": "Visakhapatnam Rural mandal, India",
      "count": 5
    },
    {
      "label": "Gujarat, India",
      "count": 5
    },
    {
      "label": "Hosur, Tamil Nadu, India",
      "count": 5
    },
    {
      "label": "Greater Coimbatore Area",
      "count": 5
    },
    {
      "label": "Bhiwandi, Maharashtra, India",
      "count": 5
    },
    {
      "label": "Sanand, Gujarat, India",
      "count": 4
    },
    {
      "label": "Goa, India",
      "count": 4
    },
    {
      "label": "Cuttack, Odisha, India",
      "count": 4
    },
    {
      "label": "Bhopal, Madhya Pradesh, India",
      "count": 4
    },
    {
      "label": "Bangalore Rural, Karnataka, India",
      "count": 4
    },
    {
      "label": "Dholera, Gujarat, India",
      "count": 4
    },
    {
      "label": "Sadar, Uttar Pradesh, India",
      "count": 4
    },
    {
      "label": "Ghaziabad, Uttar Pradesh, India",
      "count": 4
    },
    {
      "label": "Guwahati, Assam, India",
      "count": 4
    },
    {
      "label": "Greater Delhi Area",
      "count": 4
    },
    {
      "label": "Greater Indore Area",
      "count": 4
    },
    {
      "label": "Khed, Maharashtra, India",
      "count": 3
    },
    {
      "label": "Mundra, Gujarat, India",
      "count": 3
    },
    {
      "label": "Rajkot, Gujarat, India",
      "count": 3
    },
    {
      "label": "Vijayawada, Andhra Pradesh, India",
      "count": 3
    },
    {
      "label": "Dehradun, Uttarakhand, India",
      "count": 3
    },
    {
      "label": "Haveli, Maharashtra, India",
      "count": 3
    },
    {
      "label": "Ankleshwar, Gujarat, India",
      "count": 3
    },
    {
      "label": "West Bengal, India",
      "count": 3
    },
    {
      "label": "Visakhapatnam, Andhra Pradesh, India",
      "count": 3
    },
    {
      "label": "Kharagpur-I, West Bengal, India",
      "count": 3
    },
    {
      "label": "Manesar, Haryana, India",
      "count": 3
    },
    {
      "label": "Sion, Maharashtra, India",
      "count": 2
    },
    {
      "label": "Goa, Goa, India",
      "count": 2
    },
    {
      "label": "North Delhi, Delhi, India",
      "count": 2
    },
    {
      "label": "Palghar, Maharashtra, India",
      "count": 2
    },
    {
      "label": "Haridwar, Uttarakhand, India",
      "count": 2
    },
    {
      "label": "Kerala, India",
      "count": 2
    },
    {
      "label": "Raipur, Chhattisgarh, India",
      "count": 2
    },
    {
      "label": "Madurai, Tamil Nadu, India",
      "count": 2
    },
    {
      "label": "Vellore, Tamil Nadu, India",
      "count": 2
    },
    {
      "label": "Baramati, Maharashtra, India",
      "count": 2
    },
    {
      "label": "Sonipat, Haryana, India",
      "count": 2
    },
    {
      "label": "Worli, Maharashtra, India",
      "count": 2
    },
    {
      "label": "Baddi, Himachal Pradesh, India",
      "count": 2
    },
    {
      "label": "Palghat, Kerala, India",
      "count": 2
    },
    {
      "label": "Amritsar, Punjab, India",
      "count": 2
    },
    {
      "label": "Ranchi, Jharkhand, India",
      "count": 2
    },
    {
      "label": "Salem, Tamil Nadu, India",
      "count": 2
    },
    {
      "label": "Ballabgarh, Haryana, India",
      "count": 2
    },
    {
      "label": "Dewas, Madhya Pradesh, India",
      "count": 2
    },
    {
      "label": "Ludhiana, Punjab, India",
      "count": 2
    },
    {
      "label": "Vishakhapatnam, Andhra Pradesh, India",
      "count": 2
    },
    {
      "label": "Barrackpur-II, West Bengal, India",
      "count": 2
    },
    {
      "label": "Nanjangud, Karnataka, India",
      "count": 2
    },
    {
      "label": "Rajpura, Punjab, India",
      "count": 2
    },
    {
      "label": "Kanayannur, Kerala, India",
      "count": 2
    },
    {
      "label": "Barasat-I, West Bengal, India",
      "count": 2
    },
    {
      "label": "Bangalore Rural District, Karnataka, India",
      "count": 2
    },
    {
      "label": "Punjab, India",
      "count": 2
    },
    {
      "label": "Arpora, India",
      "count": 1
    },
    {
      "label": "Chhattisgarh, India",
      "count": 1
    },
    {
      "label": "Rudrapur, Uttarakhand, India",
      "count": 1
    },
    {
      "label": "Sangareddy, Telangana, India",
      "count": 1
    },
    {
      "label": "Dindigul, Tamil Nadu, India",
      "count": 1
    },
    {
      "label": "Shahdol, Madhya Pradesh, India",
      "count": 1
    },
    {
      "label": "Delhi Cantonment, Delhi, India",
      "count": 1
    },
    {
      "label": "Civil Lines, Delhi, India",
      "count": 1
    },
    {
      "label": "Anantapur, Andhra Pradesh, India",
      "count": 1
    },
    {
      "label": "Andaman and Nicobar Islands, India",
      "count": 1
    },
    {
      "label": "Goregaon, Maharashtra, India",
      "count": 1
    },
    {
      "label": "Kondapur, Telangana, India",
      "count": 1
    },
    {
      "label": "Salcette, Goa, India",
      "count": 1
    },
    {
      "label": "Paonta Sahib, Himachal Pradesh, India",
      "count": 1
    },
    {
      "label": "Haryana, India",
      "count": 1
    },
    {
      "label": "Sriperumbudur, Tamil Nadu, India",
      "count": 1
    },
    {
      "label": "Greater Surat Area",
      "count": 1
    },
    {
      "label": "Patancheru, Telangana, India",
      "count": 1
    },
    {
      "label": "Khordha, Odisha, India",
      "count": 1
    },
    {
      "label": "Kollam, India",
      "count": 1
    },
    {
      "label": "Rewari, Haryana, India",
      "count": 1
    },
    {
      "label": "Kolkata metropolitan area, West Bengal, India",
      "count": 1
    },
    {
      "label": "Sakti, Chhattisgarh, India",
      "count": 1
    },
    {
      "label": "Roorkee, Uttarakhand, India",
      "count": 1
    },
    {
      "label": "Mehsana, Gujarat, India",
      "count": 1
    },
    {
      "label": "Sohar, Madhya Pradesh, India",
      "count": 1
    },
    {
      "label": "Mysuru, Karnataka, India",
      "count": 1
    },
    {
      "label": "Agra, Uttar Pradesh, India",
      "count": 1
    },
    {
      "label": "Jamshedpur, Jharkhand, India",
      "count": 1
    },
    {
      "label": "Nelamangala, Karnataka, India",
      "count": 1
    },
    {
      "label": "Kanpur, Uttar Pradesh, India",
      "count": 1
    },
    {
      "label": "Wadhwan, Gujarat, India",
      "count": 1
    },
    {
      "label": "Kasipet, Telangana, India",
      "count": 1
    },
    {
      "label": "Lodhika, Gujarat, India",
      "count": 1
    },
    {
      "label": "Patiala, Punjab, India",
      "count": 1
    },
    {
      "label": "Greater Visakhapatnam Area",
      "count": 1
    },
    {
      "label": "Itanagar Tehsil, Arunachal Pradesh, India",
      "count": 1
    },
    {
      "label": "Gurgaon Rural, Haryana, India",
      "count": 1
    },
    {
      "label": "Mawal, Maharashtra, India",
      "count": 1
    },
    {
      "label": "Tiruppur Taluka, Tamil Nadu, India",
      "count": 1
    },
    {
      "label": "Valsad, Gujarat, India",
      "count": 1
    },
    {
      "label": "Daman, Daman and Diu, India",
      "count": 1
    },
    {
      "label": "Itanagar, Arunachal Pradesh, India",
      "count": 1
    },
    {
      "label": "Sholinganallur, Tamil Nadu, India",
      "count": 1
    },
    {
      "label": "Huzur, Madhya Pradesh, India",
      "count": 1
    },
    {
      "label": "Tiruvallur, Tamil Nadu, India",
      "count": 1
    },
    {
      "label": "Kotturu, Karnataka, India",
      "count": 1
    },
    {
      "label": "Vapi, Gujarat, India",
      "count": 1
    },
    {
      "label": "Bokaro, Jharkhand, India",
      "count": 1
    },
    {
      "label": "Ranastalam, Andhra Pradesh, India",
      "count": 1
    },
    {
      "label": "Nanded, Maharashtra, India",
      "count": 1
    },
    {
      "label": "Varanasi, Uttar Pradesh, India",
      "count": 1
    },
    {
      "label": "Barmer, Rajasthan, India",
      "count": 1
    },
    {
      "label": "Rajasthan, India",
      "count": 1
    },
    {
      "label": "Solapur, Maharashtra, India",
      "count": 1
    },
    {
      "label": "Phalodi, Rajasthan, India",
      "count": 1
    },
    {
      "label": "Murbad, Maharashtra, India",
      "count": 1
    },
    {
      "label": "Anand, Gujarat, India",
      "count": 1
    },
    {
      "label": "Badnagar, Madhya Pradesh, India",
      "count": 1
    },
    {
      "label": "Serilingampalli, Telangana, India",
      "count": 1
    },
    {
      "label": "APAC",
      "count": 1
    },
    {
      "label": "Kandhar, Maharashtra, India",
      "count": 1
    },
    {
      "label": "Vasant Vihar, Delhi, India",
      "count": 1
    },
    {
      "label": "Ulhasnagar, Maharashtra, India",
      "count": 1
    },
    {
      "label": "Coimbatore North, Tamil Nadu, India",
      "count": 1
    },
    {
      "label": "Buxar, Bihar, India",
      "count": 1
    },
    {
      "label": "Panipat, Haryana, India",
      "count": 1
    },
    {
      "label": "Kangan, Jammu & Kashmir, India",
      "count": 1
    },
    {
      "label": "Binola Industrial Area, Haryana, India",
      "count": 1
    },
    {
      "label": "Kozhikode, Kerala, India",
      "count": 1
    },
    {
      "label": "Bharuch, Gujarat, India",
      "count": 1
    },
    {
      "label": "Bilaspur, Chhattisgarh, India",
      "count": 1
    },
    {
      "label": "South Goa district, India",
      "count": 1
    },
    {
      "label": "Hadgaon, Maharashtra, India",
      "count": 1
    },
    {
      "label": "Chakan, Maharashtra, India",
      "count": 1
    },
    {
      "label": "Chandigarh, India",
      "count": 1
    },
    {
      "label": "Tijara, Rajasthan, India",
      "count": 1
    },
    {
      "label": "Pathankot, Punjab, India",
      "count": 1
    },
    {
      "label": "Tarapur, Maharashtra, India",
      "count": 1
    },
    {
      "label": "Panvel, Maharashtra, India",
      "count": 1
    },
    {
      "label": "Thrissur, Kerala, India",
      "count": 1
    },
    {
      "label": "Bandra, Maharashtra, India",
      "count": 1
    },
    {
      "label": "Kota, Rajasthan, India",
      "count": 1
    },
    {
      "label": "Amritsar/Ludhiana Area",
      "count": 1
    },
    {
      "label": "Gadarwara, Madhya Pradesh, India",
      "count": 1
    },
    {
      "label": "Ponneri, Tamil Nadu, India",
      "count": 1
    },
    {
      "label": "Nabinagar, Bihar, India",
      "count": 1
    },
    {
      "label": "Mangaluru, Karnataka, India",
      "count": 1
    },
    {
      "label": "Dadra & Nagar Haveli, Daman and Diu, India",
      "count": 1
    },
    {
      "label": "Dhenkanal, Odisha, India",
      "count": 1
    },
    {
      "label": "Churachandpur, Manipur, India",
      "count": 1
    },
    {
      "label": "Dhamtari, Chhattisgarh, India",
      "count": 1
    },
    {
      "label": "Tundla, Uttar Pradesh, India",
      "count": 1
    },
    {
      "label": "Devanahalli, Karnataka, India",
      "count": 1
    },
    {
      "label": "Hamirpur, Uttar Pradesh, India",
      "count": 1
    },
    {
      "label": "Darbhanga, Bihar, India",
      "count": 1
    },
    {
      "label": "Karur, Tamil Nadu, India",
      "count": 1
    },
    {
      "label": "Gandhidham, Gujarat, India",
      "count": 1
    },
    {
      "label": "Kanchipuram, Tamil Nadu, India",
      "count": 1
    },
    {
      "label": "Jharsuguda, Odisha, India",
      "count": 1
    },
    {
      "label": "Jabalpur, Madhya Pradesh, India",
      "count": 1
    },
    {
      "label": "Greater Nashik Area",
      "count": 1
    },
    {
      "label": "Guindy, Tamil Nadu, India",
      "count": 1
    },
    {
      "label": "Raurkela, Odisha, India",
      "count": 1
    },
    {
      "label": "Mulshi, Maharashtra, India",
      "count": 1
    },
    {
      "label": "Phaltan, Maharashtra, India",
      "count": 1
    },
    {
      "label": "Sirhind, Punjab, India",
      "count": 1
    },
    {
      "label": "Imphal, Manipur, India",
      "count": 1
    },
    {
      "label": "Aizawl, Mizoram, India",
      "count": 1
    },
    {
      "label": "Dimapur, Nagaland, India",
      "count": 1
    },
    {
      "label": "Wayanad, Kerala, India",
      "count": 1
    },
    {
      "label": "Dahej, Gujarat, India",
      "count": 1
    },
    {
      "label": "Puducherry, Puducherry, India",
      "count": 1
    },
    {
      "label": "Sivaganga, Tamil Nadu, India",
      "count": 1
    },
    {
      "label": "Gandhinagar, Gujarat, India",
      "count": 1
    },
    {
      "label": "Sahibzada Ajit Singh Nagar, Punjab, India",
      "count": 1
    },
    {
      "label": "Halol, Gujarat, India",
      "count": 1
    }
  ],
  "byRoleType": [
    {
      "label": "SoftwareQA",
      "count": 1506
    },
    {
      "label": "SoftwareDEV",
      "count": 860
    },
    {
      "label": "Management",
      "count": 746
    },
    {
      "label": "ML/AI",
      "count": 501
    },
    {
      "label": "—",
      "count": 391
    },
    {
      "label": "DevOps/SRE",
      "count": 286
    },
    {
      "label": "PharmaQA",
      "count": 171
    },
    {
      "label": "HardwareQA",
      "count": 152
    },
    {
      "label": "DataEngg",
      "count": 95
    },
    {
      "label": "Security",
      "count": 13
    },
    {
      "label": "RPA",
      "count": 10
    }
  ],
  "totalCount": 4731
}